frame,time_seconds,tracker_id,class_name,confidence,x1,y1,x2,y2
1,0.04,0,car,0.8408,976.37,419.77,1069.69,494.94
1,0.04,1,car,0.668,476.94,360.66,540.9,414.2
1,0.04,2,truck,0.5882,313.81,301.09,412.86,436.93
2,0.08,0,car,0.7717,966.6,416.87,1060.12,489.33
2,0.08,2,bus,0.5843,313.54,300.98,412.62,439.72
2,0.08,1,car,0.5285,476.39,361.85,541.64,415.62
3,0.12,0,car,0.8484,961.62,413.76,1054.3,485.77
3,0.12,2,bus,0.6385,312.5,302.22,412.31,441.56
3,0.12,1,car,0.5906,475.06,366.94,541.5,417.7
4,0.16,0,car,0.7348,955.77,409.71,1044.88,480.56
4,0.16,2,bus,0.6578,310.27,303.09,413.42,444.83
4,0.16,1,car,0.5963,476.08,368.08,542.57,421.32
5,0.2,0,car,0.8165,951.26,406.31,1039.32,475.69
5,0.2,2,bus,0.6091,308.34,303.38,414.51,446.48
5,0.2,1,car,0.5334,477.51,370.9,542.47,425.61
6,0.24,0,car,0.7604,945.11,401.48,1031.84,470.86
6,0.24,2,truck,0.607,304.71,306.36,409.52,450.22
6,0.24,1,car,0.6891,475.68,374.59,541.03,429.39
7,0.28,0,car,0.8349,941.03,399.95,1025.07,466.82
7,0.28,1,car,0.6815,473.86,375.34,541.56,431.81
7,0.28,2,truck,0.5841,299.74,308.77,406.39,452.29
8,0.32,0,car,0.8578,935.78,396.42,1019.65,462.66
8,0.32,1,car,0.6052,470.47,375.22,541.18,436.08
8,0.32,2,truck,0.5057,297.53,309.11,403.27,454.86
9,0.36,0,car,0.765,928.82,393.79,1012.43,456.95
9,0.36,2,truck,0.5551,297.75,308.83,406.28,457.58
9,0.36,1,car,0.5894,472.22,381.12,541.81,439.19
10,0.4,0,car,0.7613,924.74,390.2,1006.53,454.62
10,0.4,1,car,0.6872,470.48,385.16,542.48,443.24
10,0.4,2,truck,0.5383,294.18,310.24,403.98,460.8
11,0.44,0,car,0.809,920.35,385.86,1001.34,451.11
11,0.44,1,car,0.725,468.58,386.08,542.59,445.8
11,0.44,2,bus,0.4155,292.7,311.89,401.78,463.08
12,0.48,0,car,0.7488,916.47,384.23,993.95,447.71
12,0.48,1,car,0.7136,468.23,392.71,542.34,450.72
12,0.48,2,bus,0.5808,291.61,313.59,399.29,465.76
13,0.52,0,car,0.7921,911.59,381.33,990.73,442.6
13,0.52,2,bus,0.6336,291.14,314.75,397.41,467.17
13,0.52,1,car,0.682,468.22,393.01,542.52,453.52
14,0.56,0,car,0.7714,906.57,379.48,984.23,439.65
14,0.56,1,car,0.7396,467.95,394.83,542.05,458.47
14,0.56,2,bus,0.5629,288.92,315.92,397.53,469.52
15,0.6,0,car,0.7796,902.32,376.59,978.24,436.71
15,0.6,2,truck,0.653,286.21,316.71,395.96,473.15
15,0.6,1,car,0.667,465.56,401.05,541.59,461.45
16,0.64,0,car,0.7544,896.49,371.31,972.1,432.89
16,0.64,1,car,0.6524,464.85,401.66,542.4,466.55
16,0.64,2,truck,0.4618,283.81,317.45,394.97,476.13
17,0.68,0,car,0.8402,894.63,369.41,968.4,430.18
17,0.68,1,car,0.6707,463.78,407.0,541.21,470.81
17,0.68,2,bus,0.3677,281.15,317.77,394.24,480.07
18,0.72,0,car,0.8473,890.16,369.0,961.61,425.86
18,0.72,2,truck,0.6464,278.21,319.21,393.65,483.44
18,0.72,1,car,0.6889,462.45,410.29,541.84,476.39
19,0.76,0,car,0.8013,887.66,366.78,957.32,423.74
19,0.76,2,truck,0.6816,276.15,320.02,393.06,484.7
19,0.76,1,car,0.6697,462.85,414.1,542.26,479.89
20,0.8,0,car,0.8007,880.9,362.46,954.17,420.57
20,0.8,2,truck,0.6319,274.22,321.37,391.53,488.46
20,0.8,1,car,0.6429,461.01,420.01,540.54,484.54
21,0.84,0,car,0.8152,878.88,362.26,948.02,417.97
21,0.84,2,truck,0.6182,270.77,323.32,390.09,493.15
21,0.84,1,car,0.6593,458.65,424.72,541.21,489.25
22,0.88,0,car,0.7638,873.67,359.7,942.97,415.14
22,0.88,1,car,0.734,459.96,427.29,540.54,494.46
22,0.88,2,truck,0.5638,269.32,324.14,388.08,495.9
22,0.88,3,car,0.4488,482.96,385.64,544.17,451.74
23,0.92,0,car,0.7362,871.43,354.72,940.83,411.18
23,0.92,2,truck,0.6531,266.19,326.3,387.74,499.7
23,0.92,1,car,0.6771,458.48,430.47,539.92,501.02
23,0.92,3,car,0.6237,479.19,390.2,546.26,455.06
24,0.96,0,car,0.7845,866.57,353.05,934.62,408.15
24,0.96,2,truck,0.6631,263.72,327.95,386.53,503.97
24,0.96,1,car,0.6687,456.27,434.33,539.33,505.95
24,0.96,3,car,0.5783,480.93,391.85,545.54,459.0
25,1.0,0,car,0.7316,861.88,352.78,929.49,406.6
25,1.0,2,truck,0.619,260.97,329.38,385.0,506.56
25,1.0,1,car,0.8317,455.37,440.3,538.45,511.63
25,1.0,3,car,0.6537,479.56,396.27,545.73,462.16
26,1.04,0,car,0.7757,857.01,351.53,925.62,403.72
26,1.04,2,bus,0.672,256.98,329.06,384.13,511.73
26,1.04,1,car,0.7496,450.99,444.1,538.41,517.43
26,1.04,3,car,0.4952,476.82,399.79,544.92,470.93
27,1.08,0,car,0.7002,856.02,347.85,922.47,400.6
27,1.08,2,bus,0.6419,254.49,331.08,382.8,515.67
27,1.08,1,car,0.71,448.58,447.7,537.64,524.05
27,1.08,3,car,0.65,474.76,403.39,546.45,474.78
28,1.12,0,car,0.7167,853.73,346.95,917.61,399.21
28,1.12,2,bus,0.6474,251.82,333.23,381.23,518.56
28,1.12,1,car,0.7818,449.13,455.58,538.06,528.98
28,1.12,3,car,0.7658,474.93,406.96,545.79,479.02
29,1.16,0,car,0.8191,850.61,345.64,913.45,396.08
29,1.16,2,bus,0.7666,249.21,335.61,379.77,521.0
29,1.16,1,car,0.6986,445.42,458.27,537.53,536.44
29,1.16,3,car,0.7345,475.91,410.9,545.67,484.88
29,1.16,4,truck,0.6169,247.4,335.18,380.92,519.79
30,1.2,0,car,0.8063,847.21,343.28,910.45,392.91
30,1.2,2,bus,0.6636,245.35,338.13,378.8,526.06
30,1.2,1,car,0.7165,443.25,464.16,536.8,542.66
30,1.2,3,car,0.6975,474.01,415.15,545.67,489.11
30,1.2,4,truck,0.6746,244.38,336.71,379.77,524.99
31,1.24,0,car,0.7981,844.56,340.27,906.67,391.34
31,1.24,2,truck,0.6334,240.09,338.12,376.71,531.34
31,1.24,1,car,0.8409,442.42,470.36,536.8,550.22
31,1.24,3,car,0.6745,471.01,417.8,545.73,494.9
31,1.24,4,bus,0.5201,240.53,340.04,375.68,530.98
32,1.28,0,car,0.8105,841.69,338.78,903.07,389.2
32,1.28,2,truck,0.6135,237.28,340.92,375.24,534.0
32,1.28,1,car,0.7811,442.72,474.93,535.02,556.16
32,1.28,3,car,0.6453,469.27,422.11,544.57,502.13
32,1.28,4,bus,0.5724,237.3,342.02,374.21,533.42
33,1.32,0,car,0.8076,840.5,337.98,896.98,386.28
33,1.32,2,truck,0.6718,233.41,343.35,373.15,539.85
33,1.32,1,car,0.7659,439.35,480.92,535.13,562.36
33,1.32,3,car,0.8144,466.0,427.29,545.35,505.48
33,1.32,4,bus,0.4701,233.64,343.75,372.64,539.24
34,1.36,0,car,0.8481,838.06,337.24,895.83,384.47
34,1.36,1,car,0.7881,434.11,488.01,534.93,573.07
34,1.36,4,truck,0.6474,229.28,345.53,370.57,544.69
34,1.36,3,car,0.4995,463.81,431.57,545.84,517.45
35,1.4,0,car,0.6964,832.51,335.93,890.78,382.17
35,1.4,2,truck,0.6407,224.84,346.51,369.31,548.8
35,1.4,1,car,0.7459,428.27,494.06,533.53,582.92
35,1.4,3,car,0.5693,465.03,434.02,543.4,522.95
36,1.44,0,car,0.7066,831.56,331.84,887.36,379.78
36,1.44,2,truck,0.6468,221.6,347.4,367.39,551.83
36,1.44,1,car,0.7985,431.24,500.54,532.08,587.75
36,1.44,3,car,0.588,463.65,439.24,543.6,527.78
37,1.48,0,car,0.7983,826.04,330.86,883.39,377.23
37,1.48,2,bus,0.6202,218.97,348.62,364.26,557.15
37,1.48,1,car,0.7618,427.65,506.07,532.16,598.84
37,1.48,5,car,0.7553,1206.64,577.56,1279.28,691.55
37,1.48,3,car,0.5966,461.19,446.4,545.47,535.71
37,1.48,4,truck,0.4879,217.69,349.34,365.33,555.55
38,1.52,0,car,0.8491,823.01,329.35,880.83,375.3
38,1.52,2,bus,0.6186,213.48,351.21,362.69,562.96
38,1.52,1,car,0.7256,422.33,513.61,530.81,607.22
38,1.52,3,car,0.7308,459.35,450.02,543.64,539.42
38,1.52,5,car,0.7984,1192.85,566.9,1279.31,680.23
39,1.56,0,car,0.8442,821.82,328.3,879.05,374.9
39,1.56,1,car,0.7547,412.86,519.84,527.87,617.14
39,1.56,3,car,0.7982,457.17,454.75,545.2,539.04
39,1.56,5,car,0.7925,1180.56,559.29,1279.29,667.1
39,1.56,2,bus,0.5539,210.19,354.63,358.73,568.02
40,1.6,0,car,0.6816,818.16,326.03,874.68,371.24
40,1.6,1,car,0.7606,410.44,527.07,527.3,627.51
40,1.6,5,car,0.8055,1166.32,551.4,1279.35,658.2
40,1.6,2,truck,0.4605,205.96,356.59,357.21,571.39
40,1.6,3,car,0.5917,457.36,460.5,544.7,551.42
40,1.6,4,bus,0.4155,206.14,356.88,358.26,572.98
41,1.64,0,car,0.6103,816.53,323.66,872.28,369.02
41,1.64,1,car,0.7939,408.44,536.34,528.67,638.92
41,1.64,3,car,0.6492,456.38,467.19,543.4,556.15
41,1.64,5,car,0.8678,1152.61,543.3,1279.41,647.74
41,1.64,4,truck,0.5548,203.03,358.93,358.09,579.2
42,1.68,0,car,0.6284,814.35,322.02,867.68,366.79
42,1.68,1,car,0.7728,405.26,541.5,528.45,648.49
42,1.68,3,car,0.6722,452.81,472.31,544.66,565.53
42,1.68,4,truck,0.7196,196.3,361.01,356.61,582.45
42,1.68,5,car,0.8457,1140.53,534.36,1278.91,639.02
43,1.72,0,car,0.7359,813.82,322.53,864.95,366.26
43,1.72,1,car,0.7789,396.96,552.16,526.51,660.71
43,1.72,3,car,0.7817,450.7,479.23,543.28,569.91
43,1.72,4,truck,0.6335,184.92,363.08,354.93,585.65
43,1.72,5,car,0.8574,1129.29,526.48,1263.44,628.22
44,1.76,0,car,0.7585,808.46,321.35,862.3,364.91
44,1.76,1,car,0.7989,394.9,558.21,525.09,671.91
44,1.76,3,car,0.6955,450.14,484.79,544.5,582.42
44,1.76,4,truck,0.6784,178.81,365.9,352.52,592.61
44,1.76,5,car,0.8018,1118.94,519.45,1248.5,618.57
45,1.8,0,car,0.6777,809.1,320.23,859.19,361.14
45,1.8,1,car,0.7926,387.62,566.47,523.63,687.97
45,1.8,3,car,0.7135,445.44,489.83,542.57,590.53
45,1.8,4,truck,0.6904,177.92,367.26,350.24,599.68
45,1.8,5,car,0.819,1105.8,512.05,1233.08,610.32
46,1.84,0,car,0.6738,806.12,319.01,856.14,359.11
46,1.84,1,car,0.7979,375.77,581.72,520.12,702.93
46,1.84,3,car,0.7293,441.71,498.49,545.08,599.41
46,1.84,4,truck,0.7729,170.87,369.8,346.68,605.07
46,1.84,5,car,0.7995,1096.15,504.53,1220.52,600.31
47,1.88,0,car,0.7363,799.54,315.91,853.39,358.17
47,1.88,1,car,0.8285,376.15,589.61,518.32,715.2
47,1.88,4,truck,0.7624,167.02,375.07,345.89,612.54
47,1.88,5,car,0.7862,1087.12,498.84,1206.49,593.3
47,1.88,3,car,0.5922,441.32,505.31,542.9,611.07
48,1.92,0,car,0.7577,798.96,315.33,849.26,357.71
48,1.92,1,car,0.812,372.64,602.19,516.46,719.55
48,1.92,4,truck,0.8202,166.99,377.51,342.88,616.79
48,1.92,5,car,0.8111,1072.77,494.72,1194.93,584.52
48,1.92,3,car,0.5675,438.17,513.82,544.82,617.61
49,1.96,0,car,0.6472,795.75,312.96,847.83,355.54
49,1.96,1,car,0.8164,363.53,616.97,513.91,719.08
49,1.96,3,car,0.6203,436.23,520.74,542.86,631.64
49,1.96,4,truck,0.778,160.3,380.02,340.1,622.61
49,1.96,5,car,0.8088,1066.89,488.03,1183.91,576.89
50,2.0,0,car,0.7808,793.99,312.79,845.82,354.04
50,2.0,1,car,0.7974,356.73,630.57,512.1,719.18
50,2.0,3,car,0.6352,437.3,529.45,543.05,643.24
50,2.0,5,car,0.8035,1057.02,480.06,1170.21,569.56
50,2.0,2,truck,0.5289,155.5,381.7,332.64,631.87
50,2.0,4,bus,0.4624,155.93,382.21,334.12,631.43
51,2.04,0,car,0.6955,792.27,312.32,841.98,352.42
51,2.04,2,truck,0.7017,152.9,384.91,330.92,638.69
51,2.04,1,car,0.8214,356.07,644.99,507.58,718.4
51,2.04,5,car,0.7884,1048.35,477.47,1160.76,562.65
51,2.04,3,car,0.5352,429.8,538.06,544.84,650.34
52,2.08,0,car,0.6533,792.15,311.15,839.53,350.61
52,2.08,2,truck,0.7753,147.32,387.66,328.76,646.55
52,2.08,1,car,0.8142,340.24,657.14,504.24,716.74
52,2.08,5,car,0.7592,1039.51,470.67,1150.67,555.06
52,2.08,3,car,0.4969,427.9,547.2,541.9,665.97
53,2.12,2,truck,0.8289,137.93,390.24,328.16,650.42
53,2.12,1,car,0.7227,353.65,669.81,496.84,718.27
53,2.12,5,car,0.8041,1032.24,463.97,1139.15,549.26
53,2.12,0,car,0.5824,790.66,309.71,836.83,349.65
53,2.12,3,car,0.6,421.64,557.16,542.38,679.81
54,2.16,0,car,0.6864,786.63,307.78,833.18,347.46
54,2.16,2,truck,0.8227,129.77,392.9,325.0,657.6
54,2.16,3,car,0.6457,419.77,566.92,543.9,691.55
54,2.16,5,car,0.7927,1024.33,463.02,1129.1,542.17
54,2.16,1,car,0.5542,353.62,685.62,481.54,716.99
55,2.2,0,car,0.7325,785.71,307.35,832.02,345.76
55,2.2,2,truck,0.8631,120.16,396.17,322.42,667.82
55,2.2,5,car,0.7731,1015.88,456.25,1119.99,535.64
55,2.2,3,truck,0.3777,417.21,577.45,543.53,707.06
56,2.24,0,car,0.7402,783.11,305.58,829.49,344.33
56,2.24,2,truck,0.7693,109.73,398.46,319.93,674.64
56,2.24,3,car,0.6033,409.51,589.01,542.31,717.18
56,2.24,5,car,0.782,1009.83,451.92,1111.41,532.06
57,2.28,0,car,0.7374,778.44,304.65,827.43,341.83
57,2.28,2,truck,0.8743,103.28,403.0,318.32,684.04
57,2.28,3,car,0.6021,409.08,600.62,542.92,720.0
57,2.28,5,car,0.7813,1004.09,449.4,1102.1,525.85
58,2.32,0,car,0.7333,776.9,304.23,825.58,340.49
58,2.32,2,truck,0.8688,103.06,407.77,315.75,689.91
58,2.32,3,car,0.6976,404.75,613.19,543.42,720.0
58,2.32,5,car,0.6821,994.48,443.32,1095.3,518.74
59,2.36,0,car,0.7068,776.9,302.71,822.88,338.82
59,2.36,2,truck,0.8674,91.88,408.29,312.99,703.3
59,2.36,5,car,0.7486,989.88,440.92,1086.58,514.48
59,2.36,3,car,0.5035,400.27,626.15,544.89,719.97
60,2.4,0,car,0.737,774.83,301.64,819.56,338.01
60,2.4,2,truck,0.8393,90.89,410.38,306.28,711.81
60,2.4,3,car,0.6191,394.11,640.84,543.51,716.1
60,2.4,5,car,0.7558,982.77,434.72,1075.89,508.51
61,2.44,0,car,0.6728,772.61,298.2,816.68,337.24
61,2.44,2,truck,0.8238,87.03,413.59,301.97,715.11
61,2.44,5,car,0.7671,976.83,433.15,1070.2,502.81
61,2.44,3,car,0.4619,405.97,657.19,541.7,719.56
62,2.48,0,car,0.6834,770.63,298.34,815.84,336.01
62,2.48,2,truck,0.8547,81.47,420.47,298.68,715.75
62,2.48,5,car,0.6345,970.54,425.88,1062.78,499.18
63,2.52,2,truck,0.8285,72.69,422.91,292.98,714.94
63,2.52,5,car,0.755,963.17,423.31,1055.09,494.61
63,2.52,0,car,0.4315,767.46,297.25,814.89,334.83
64,2.56,2,truck,0.8274,59.53,430.08,289.19,714.46
64,2.56,5,car,0.7431,958.33,420.08,1047.68,488.67
64,2.56,0,car,0.4078,765.43,295.71,811.1,332.94
65,2.6,2,truck,0.8051,42.52,433.33,285.86,715.42
65,2.6,5,car,0.8144,952.84,417.22,1039.32,485.0
65,2.6,0,car,0.5306,763.6,294.34,808.27,330.94
66,2.64,2,truck,0.7797,41.7,439.19,282.62,715.33
66,2.64,5,car,0.6828,948.13,414.86,1032.81,480.53
66,2.64,0,car,0.5847,762.24,294.34,806.09,329.25
67,2.68,2,truck,0.7012,30.27,443.53,276.87,714.7
67,2.68,5,car,0.717,942.44,410.99,1025.61,476.35
67,2.68,0,car,0.5,760.33,292.12,804.58,328.88
68,2.72,0,car,0.6496,759.3,292.21,802.3,327.67
68,2.72,2,truck,0.7198,24.33,447.25,273.01,715.3
68,2.72,5,car,0.7575,937.37,407.79,1020.21,471.78
69,2.76,0,car,0.8275,758.24,291.75,800.18,327.27
69,2.76,2,truck,0.7348,7.04,452.98,267.31,717.32
69,2.76,5,car,0.8057,929.95,403.46,1013.88,468.35
70,2.8,0,car,0.8674,756.44,291.41,799.44,327.29
70,2.8,2,truck,0.6074,1.7,459.14,264.11,714.33
70,2.8,5,car,0.8065,927.87,401.17,1006.49,463.19
71,2.84,0,car,0.8868,754.72,290.87,798.42,326.18
71,2.84,5,car,0.8185,921.81,397.77,1002.09,460.13
71,2.84,2,truck,0.5494,1.0,463.5,257.13,717.39
72,2.88,0,car,0.7742,753.83,289.97,795.76,324.57
72,2.88,5,car,0.6139,918.29,393.9,994.71,455.12
72,2.88,2,truck,0.3791,0.0,468.96,253.3,715.22
73,2.92,0,car,0.8229,752.34,289.5,794.31,322.06
73,2.92,5,car,0.6222,912.49,392.17,991.08,451.71
74,2.96,0,car,0.8435,751.11,289.06,792.77,320.49
74,2.96,5,car,0.5635,910.97,387.07,984.42,448.64
75,3.0,0,car,0.8201,750.21,288.73,791.41,319.65
75,3.0,5,car,0.7193,904.16,386.24,978.42,443.72
76,3.04,0,car,0.7076,748.4,287.31,789.14,318.65
76,3.04,5,car,0.7253,900.98,385.06,974.31,441.37
77,3.08,0,car,0.7411,746.67,285.73,787.38,318.58
77,3.08,5,car,0.7078,895.15,379.95,970.42,438.28
78,3.12,0,car,0.6223,746.43,283.84,785.58,317.71
78,3.12,5,car,0.7228,894.52,378.3,964.15,434.07
79,3.16,0,car,0.7019,744.2,282.65,783.91,316.42
79,3.16,5,car,0.7617,887.42,374.86,959.2,431.26
80,3.2,0,car,0.6193,743.66,281.99,782.84,315.22
80,3.2,5,car,0.7595,886.03,371.64,953.59,427.07
81,3.24,5,car,0.7008,881.51,370.12,950.24,425.31
81,3.24,0,car,0.536,740.49,281.63,779.74,312.74
82,3.28,0,car,0.6075,739.88,280.78,777.72,311.33
82,3.28,5,car,0.7762,878.3,369.04,945.33,422.86
83,3.32,0,car,0.6272,737.47,278.93,776.44,311.18
83,3.32,5,car,0.7304,873.11,367.43,941.25,420.53
84,3.36,0,car,0.6484,736.92,279.39,775.11,310.77
84,3.36,5,car,0.8228,870.55,361.95,937.8,416.44
85,3.4,0,car,0.7492,735.38,278.86,773.03,310.47
85,3.4,5,car,0.6753,865.86,362.03,931.82,414.82
86,3.44,0,car,0.7576,733.42,277.89,770.91,309.49
86,3.44,5,car,0.6026,861.95,359.85,927.85,410.42
87,3.48,0,car,0.7855,732.12,276.9,769.4,308.49
87,3.48,5,car,0.6827,858.76,356.61,924.86,407.89
88,3.52,0,car,0.7776,732.06,276.43,768.11,307.35
88,3.52,5,car,0.7844,856.54,354.52,920.97,406.4
89,3.56,0,car,0.7923,729.25,275.55,767.49,305.7
89,3.56,5,car,0.6361,855.4,353.63,917.48,404.23
90,3.6,0,car,0.7902,728.7,274.9,766.91,304.38
90,3.6,5,car,0.7591,850.67,351.91,912.08,400.56
91,3.64,0,car,0.762,727.85,274.9,765.21,304.31
91,3.64,5,car,0.8078,849.38,350.41,909.33,398.53
92,3.68,0,car,0.7154,726.12,274.67,763.52,303.76
92,3.68,5,car,0.8017,846.64,346.22,904.91,396.22
93,3.72,0,car,0.7405,723.61,273.94,762.31,303.01
93,3.72,5,car,0.8272,842.82,344.98,903.02,393.49
94,3.76,0,car,0.7154,723.02,272.51,761.0,302.41
94,3.76,5,car,0.8223,840.72,345.53,897.72,391.97
95,3.8,0,car,0.7355,722.68,272.46,760.02,301.08
95,3.8,5,car,0.781,838.2,344.44,894.96,390.29
96,3.84,0,car,0.6457,722.01,271.72,758.63,300.4
96,3.84,5,car,0.7874,831.31,339.31,890.68,386.08
97,3.88,0,car,0.6395,721.54,272.01,757.52,299.54
97,3.88,5,car,0.7532,829.79,338.42,888.67,383.96
98,3.92,5,car,0.8111,826.39,337.8,884.85,381.5
98,3.92,0,car,0.4912,720.86,270.69,755.45,297.35
99,3.96,5,car,0.8662,825.61,337.13,882.4,380.0
99,3.96,0,car,0.5897,719.93,269.53,754.39,297.26
100,4.0,5,car,0.8306,823.92,335.24,878.73,377.92
100,4.0,0,car,0.549,719.67,268.61,752.89,296.47
101,4.04,0,car,0.6002,716.63,267.6,752.08,295.97
101,4.04,5,car,0.7481,820.25,332.02,876.11,375.38
102,4.08,5,car,0.6935,818.21,330.99,873.07,374.15
102,4.08,0,car,0.5551,716.64,267.39,751.12,295.31
103,4.12,0,car,0.6408,714.59,267.26,749.65,295.3
103,4.12,5,car,0.4286,815.23,329.59,869.73,372.4
104,4.16,0,car,0.6219,713.94,266.96,747.1,294.53
104,4.16,5,car,0.6269,814.35,328.48,865.23,370.97
105,4.2,0,car,0.6887,713.42,265.87,745.81,293.53
105,4.2,5,car,0.7597,811.81,327.18,863.75,368.82
106,4.24,0,car,0.655,712.95,265.55,744.95,292.46
106,4.24,5,car,0.7754,807.55,325.1,861.3,366.89
107,4.28,0,car,0.6992,711.59,265.01,744.2,291.83
107,4.28,5,car,0.6734,807.01,322.69,857.41,364.0
108,4.32,0,car,0.6396,711.07,264.02,743.0,292.51
108,4.32,5,car,0.4802,806.32,322.44,854.49,363.55
109,4.36,0,car,0.5555,709.58,263.93,742.43,290.7
109,4.36,5,car,0.5843,804.6,321.67,850.92,360.96
110,4.4,0,car,0.7095,708.33,263.7,741.43,289.47
110,4.4,5,car,0.8316,798.87,321.0,847.9,359.41
111,4.44,0,car,0.7543,707.55,263.54,739.67,287.51
111,4.44,5,car,0.8006,797.92,319.6,847.26,358.8
112,4.48,5,car,0.8057,793.51,316.38,845.11,356.33
112,4.48,0,car,0.5933,705.75,262.76,737.86,287.39
113,4.52,5,car,0.7667,793.37,315.84,842.63,354.82
113,4.52,0,car,0.5378,705.21,261.81,736.84,286.66
114,4.56,0,car,0.5427,704.13,261.2,736.09,285.91
114,4.56,5,car,0.5598,791.32,314.8,840.77,353.68
115,4.6,0,car,0.5877,704.03,261.17,735.61,285.56
115,4.6,5,car,0.5599,789.51,313.04,837.61,352.05
116,4.64,0,car,0.61,703.17,259.98,735.12,285.34
116,4.64,5,car,0.4722,787.21,312.08,834.18,351.55
117,4.68,0,car,0.6339,702.71,259.82,734.91,284.77
117,4.68,5,car,0.5977,784.78,311.4,832.56,349.8
117,4.68,6,car,0.5529,464.94,271.75,495.49,295.14
118,4.72,6,car,0.6875,464.17,272.2,495.62,295.6
118,4.72,0,car,0.5706,701.72,259.72,734.53,284.37
118,4.72,5,car,0.598,781.88,309.99,831.21,348.17
119,4.76,5,car,0.7269,783.19,308.86,828.75,346.48
119,4.76,6,car,0.6623,463.61,272.63,495.79,296.99
119,4.76,0,car,0.4111,701.65,258.33,732.7,284.48
120,4.8,5,car,0.7831,778.71,308.03,825.8,343.53
120,4.8,6,car,0.7203,462.02,273.4,495.85,298.29
120,4.8,0,car,0.4204,699.71,257.29,731.52,283.48
121,4.84,5,car,0.81,776.82,307.83,824.4,343.08
121,4.84,6,car,0.7303,461.26,274.34,495.77,300.27
121,4.84,0,car,0.3738,698.91,257.26,730.13,281.98
122,4.88,5,car,0.8183,776.34,306.09,820.66,341.94
122,4.88,6,car,0.6529,461.3,274.58,495.71,301.54
122,4.88,0,car,0.4975,698.06,257.37,728.74,281.51
123,4.92,5,car,0.7652,775.94,305.51,817.41,340.66
123,4.92,6,car,0.6534,460.46,275.04,495.4,302.12
123,4.92,0,car,0.4794,696.99,257.45,727.58,280.54
124,4.96,5,car,0.7193,773.01,303.45,816.24,339.48
124,4.96,6,car,0.6362,460.33,276.12,495.4,302.78
124,4.96,0,car,0.4954,696.16,256.98,726.77,279.9
125,5.0,5,car,0.7203,771.68,301.85,815.66,338.27
125,5.0,0,car,0.5519,695.65,257.45,726.31,279.53
125,5.0,6,car,0.5538,460.23,277.68,495.02,303.66
126,5.04,5,car,0.6689,769.25,301.08,814.28,337.15
126,5.04,0,car,0.5145,695.73,256.29,725.51,279.03
126,5.04,6,car,0.5686,460.38,279.03,495.13,303.76
127,5.08,0,car,0.4864,695.35,255.94,723.61,277.9
127,5.08,6,car,0.4976,460.53,279.12,495.21,303.26
128,5.12,5,car,0.6305,763.7,296.94,808.59,333.36
128,5.12,0,car,0.4255,694.96,255.07,722.27,277.11
128,5.12,6,car,0.5808,460.11,279.96,495.17,303.96
129,5.16,0,car,0.4062,694.33,254.24,722.32,276.87
129,5.16,5,car,0.4412,760.71,295.92,807.31,332.47
129,5.16,6,car,0.5618,459.68,280.41,494.73,304.63
130,5.2,0,car,0.5788,692.71,253.5,721.38,275.83
130,5.2,5,car,0.5404,761.18,296.04,805.82,331.54
130,5.2,6,car,0.4651,457.48,281.63,494.19,306.01
131,5.24,5,car,0.7215,759.76,295.94,803.46,329.11
131,5.24,0,car,0.5359,692.18,253.13,720.65,275.34
131,5.24,6,car,0.5651,456.94,281.91,493.92,306.61
132,5.28,5,car,0.7865,759.26,295.72,801.32,327.64
132,5.28,0,car,0.5205,688.76,251.59,720.44,276.35
132,5.28,6,car,0.5178,456.92,283.2,493.17,306.63
133,5.32,5,car,0.8124,757.93,295.0,800.03,327.28
133,5.32,0,car,0.4766,688.86,252.01,719.83,275.48
133,5.32,6,car,0.5227,456.95,283.83,493.49,306.77
134,5.36,5,car,0.8479,756.43,293.45,798.79,327.12
134,5.36,0,car,0.5102,688.94,251.3,719.16,274.5
134,5.36,6,car,0.5463,456.32,284.05,492.43,308.53
135,5.4,5,car,0.8374,755.87,292.75,797.26,327.0
135,5.4,0,car,0.4546,687.96,250.71,718.13,273.44
135,5.4,6,car,0.5298,455.98,283.89,491.19,309.97
136,5.44,5,car,0.7727,753.63,291.08,795.42,325.77
136,5.44,0,car,0.4225,686.95,250.02,717.02,273.26
136,5.44,6,car,0.4774,456.04,286.29,491.07,310.22
137,5.48,5,car,0.8117,753.29,290.63,793.82,323.56
137,5.48,0,car,0.3858,686.65,249.22,716.34,272.59
137,5.48,6,car,0.4667,455.79,287.4,489.55,311.19
138,5.52,5,car,0.8557,752.08,290.44,792.01,322.48
138,5.52,0,car,0.3889,686.02,247.87,716.12,270.49
138,5.52,6,car,0.4952,455.04,287.81,489.5,311.51
139,5.56,5,car,0.8598,751.13,290.19,790.72,321.3
139,5.56,0,car,0.354,685.69,247.97,714.88,270.16
139,5.56,6,car,0.5407,453.74,288.15,488.55,312.78
140,5.6,5,car,0.8663,749.67,289.34,786.74,320.32
140,5.6,6,car,0.7812,452.45,288.59,488.12,314.56
140,5.6,0,car,0.4488,684.51,247.8,713.4,269.99
141,5.64,5,car,0.8846,749.29,288.92,785.56,319.68
141,5.64,6,car,0.8107,451.83,289.08,488.28,316.68
141,5.64,0,car,0.5067,683.37,248.11,712.65,270.17
142,5.68,5,car,0.8625,745.64,287.64,784.59,319.58
142,5.68,6,car,0.8404,451.25,289.68,488.51,317.42
142,5.68,0,car,0.5885,683.17,247.81,712.35,270.05
143,5.72,5,car,0.7387,744.94,286.04,783.84,318.6
143,5.72,6,car,0.8374,449.62,290.39,488.28,318.66
143,5.72,0,car,0.4857,682.49,247.81,711.6,269.48
144,5.76,6,car,0.8495,448.11,290.56,488.15,318.93
144,5.76,0,car,0.3967,681.77,248.18,710.59,269.47
144,5.76,5,car,0.561,743.0,285.56,783.12,317.17
145,5.8,5,car,0.6258,740.5,284.51,780.66,315.9
145,5.8,6,car,0.8312,447.43,291.5,487.9,319.38
145,5.8,0,car,0.4017,681.45,248.14,709.3,269.48
146,5.84,5,car,0.6457,739.33,284.45,779.31,314.64
146,5.84,6,car,0.8436,446.83,293.32,487.41,319.9
146,5.84,0,car,0.3565,680.98,247.94,708.63,268.95
147,5.88,6,car,0.8452,446.18,294.4,487.32,321.16
147,5.88,5,car,0.5124,739.14,283.28,777.37,312.39
148,5.92,6,car,0.8852,445.52,295.31,486.47,322.74
148,5.92,5,car,0.5408,737.26,282.08,775.6,311.41
149,5.96,5,car,0.6813,736.93,281.12,773.83,311.0
149,5.96,6,car,0.8748,444.64,296.03,485.8,324.7
150,6.0,6,car,0.8667,444.19,298.55,485.14,326.92
150,6.0,5,car,0.5953,736.02,279.39,770.53,310.77
151,6.04,6,car,0.8054,443.43,299.63,484.53,327.3
151,6.04,5,car,0.5727,734.91,279.29,768.39,310.88
152,6.08,6,car,0.8359,443.23,300.42,484.46,327.45
152,6.08,5,car,0.5885,734.71,279.12,767.84,309.19
153,6.12,6,car,0.7864,442.72,301.13,483.66,328.08
153,6.12,5,car,0.491,733.52,278.52,767.24,308.56
154,6.16,5,car,0.6461,732.74,277.97,766.36,308.54
154,6.16,6,car,0.7897,440.81,301.93,483.2,330.11
155,6.2,5,car,0.6694,730.46,276.82,765.87,306.36
155,6.2,6,car,0.8223,440.73,303.2,482.83,330.69
156,6.24,5,car,0.6764,728.53,275.72,764.39,305.08
156,6.24,6,car,0.8195,439.94,303.98,482.25,332.89
157,6.28,5,car,0.6767,726.27,275.66,762.77,304.48
157,6.28,6,car,0.8396,438.07,304.57,482.14,334.1
158,6.32,5,car,0.7077,723.81,274.85,762.24,303.34
158,6.32,6,car,0.8074,437.56,305.09,481.77,334.84
159,6.36,5,car,0.7559,723.79,274.45,760.6,302.49
159,6.36,6,car,0.7678,436.23,304.78,481.81,334.9
160,6.4,5,car,0.7989,722.92,273.71,759.52,301.76
160,6.4,6,car,0.7528,435.36,304.98,481.05,336.24
161,6.44,5,car,0.7832,722.5,272.92,758.58,300.53
161,6.44,6,car,0.7783,434.2,305.98,481.06,337.51
162,6.48,5,car,0.7217,721.42,272.75,757.46,300.27
162,6.48,6,car,0.7938,433.79,306.77,481.11,338.74
163,6.52,6,car,0.7692,432.41,307.81,479.21,341.37
163,6.52,5,car,0.5284,721.33,271.95,755.85,299.6
164,6.56,5,car,0.6139,721.7,271.5,754.29,297.03
164,6.56,6,car,0.7301,432.92,309.24,478.36,342.76
165,6.6,5,car,0.6428,720.73,271.01,752.96,297.13
165,6.6,6,car,0.7384,430.71,310.12,476.71,343.14
166,6.64,5,car,0.7102,719.79,271.3,752.42,296.48
166,6.64,6,car,0.6206,430.32,311.94,475.8,344.08
167,6.68,5,car,0.6313,718.85,269.65,751.54,296.08
167,6.68,6,car,0.6224,429.15,314.22,474.28,346.63
168,6.72,5,car,0.6062,716.74,269.06,750.87,295.97
168,6.72,6,car,0.6417,427.81,315.62,473.55,349.01
169,6.76,6,car,0.6278,426.94,317.32,474.31,350.89
169,6.76,5,car,0.5045,714.97,268.01,749.56,295.95
170,6.8,5,car,0.6484,713.48,268.55,747.62,295.89
170,6.8,6,car,0.6735,425.41,318.2,473.13,351.86
171,6.84,5,car,0.6103,713.36,268.42,745.97,295.48
171,6.84,6,car,0.5686,425.14,318.5,472.8,352.47
172,6.88,5,car,0.635,712.34,266.99,744.62,294.57
172,6.88,6,car,0.5609,424.66,318.59,472.99,353.74
173,6.92,6,car,0.6384,423.16,320.28,472.3,355.1
173,6.92,5,car,0.5157,710.95,265.73,744.14,293.04
174,6.96,5,car,0.6409,710.48,264.84,742.12,293.21
174,6.96,6,car,0.8167,422.04,323.84,471.15,358.23
175,7.0,5,car,0.6829,710.91,264.1,741.53,293.14
175,7.0,6,car,0.8034,421.67,325.8,469.6,358.84
176,7.04,5,car,0.6759,709.78,263.64,739.78,291.11
176,7.04,6,car,0.8243,420.84,327.62,469.38,359.97
177,7.08,5,car,0.694,709.56,263.85,737.48,290.71
177,7.08,6,car,0.8128,419.43,327.89,468.09,362.52
178,7.12,5,car,0.7285,708.05,263.49,736.74,288.78
178,7.12,6,car,0.8168,418.23,329.37,465.93,365.51
179,7.16,5,car,0.6789,706.33,262.8,736.37,287.44
179,7.16,6,car,0.8328,415.43,330.84,466.34,366.88
180,7.2,5,car,0.6926,704.96,262.19,736.51,288.09
180,7.2,6,car,0.8447,414.67,331.92,467.02,368.02
181,7.24,5,car,0.7394,703.17,261.55,736.0,287.69
181,7.24,6,car,0.8218,413.42,333.98,464.97,369.32
182,7.28,5,car,0.7,702.55,260.11,735.27,287.49
182,7.28,6,car,0.8085,412.21,334.78,464.44,371.44
183,7.32,5,car,0.6192,702.46,259.2,734.41,287.7
183,7.32,6,car,0.8049,412.26,335.26,463.57,373.56
184,7.36,5,car,0.6647,701.32,258.89,733.6,287.13
184,7.36,6,car,0.8525,409.73,336.95,463.1,374.91
185,7.4,6,car,0.8508,409.09,338.62,461.75,375.45
185,7.4,5,car,0.4337,700.64,258.45,731.95,285.46
186,7.44,6,car,0.8922,407.97,340.43,461.22,377.3
187,7.48,6,car,0.9191,406.7,342.78,459.45,380.39
187,7.48,5,car,0.4808,699.29,259.89,730.14,284.95
188,7.52,6,car,0.9124,405.22,343.62,458.43,382.23
188,7.52,5,car,0.5234,697.61,260.04,728.16,283.41
189,7.56,6,car,0.9154,402.36,345.04,457.29,383.92
189,7.56,5,car,0.599,697.55,258.46,727.7,282.27
190,7.6,5,car,0.6196,697.3,257.95,725.97,280.97
190,7.6,6,car,0.905,398.85,346.68,456.54,386.11
191,7.64,5,car,0.6184,696.22,257.58,724.88,279.8
191,7.64,6,car,0.8407,401.02,350.08,455.85,387.21
192,7.68,5,car,0.6535,695.56,257.54,723.98,279.34
192,7.68,6,car,0.8671,400.47,351.4,454.86,388.87
193,7.72,6,car,0.849,399.08,352.29,454.19,391.73
193,7.72,5,car,0.5797,695.64,256.88,722.61,279.04
194,7.76,6,car,0.8775,397.62,353.87,455.12,395.14
194,7.76,5,car,0.5557,695.37,256.86,721.24,278.64
195,7.8,5,car,0.6019,694.94,257.39,721.21,277.46
195,7.8,6,car,0.8551,396.58,355.78,454.68,396.95
196,7.84,6,car,0.8585,394.0,359.45,453.6,399.44
196,7.84,5,car,0.5296,694.11,255.64,720.46,277.07
197,7.88,5,car,0.6603,693.45,254.52,720.28,276.69
197,7.88,6,car,0.8502,390.72,361.2,451.68,401.68
198,7.92,5,car,0.6167,692.83,253.43,719.43,275.62
198,7.92,6,car,0.8379,390.4,362.33,450.89,404.64
199,7.96,6,car,0.7925,388.8,364.32,450.05,406.66
199,7.96,5,car,0.4988,692.36,252.5,718.69,274.97
200,8.0,6,car,0.8295,388.68,366.33,448.76,408.59
200,8.0,5,car,0.5071,690.37,251.65,718.63,275.19
201,8.04,6,car,0.8176,387.05,368.18,447.12,412.31
201,8.04,5,car,0.3772,690.27,251.6,717.24,274.91
202,8.08,6,car,0.807,385.78,370.98,445.55,413.81
203,8.12,6,car,0.82,382.44,373.74,444.19,416.5
204,8.16,6,car,0.8764,381.14,376.71,444.08,419.61
205,8.2,6,car,0.8057,380.26,379.07,442.96,423.89
206,8.24,6,car,0.7764,374.41,381.14,441.96,428.68
206,8.24,5,car,0.3862,685.64,248.14,713.65,271.25
207,8.28,6,car,0.8056,372.15,383.13,441.34,431.03
207,8.28,5,car,0.4405,684.96,247.86,712.53,269.68
208,8.32,6,car,0.8114,370.1,385.37,440.62,434.38
208,8.32,5,car,0.5385,683.54,247.89,711.64,269.73
209,8.36,6,car,0.8235,370.64,388.14,440.06,437.21
209,8.36,5,car,0.5671,683.48,247.94,710.31,270.11
210,8.4,6,car,0.7984,368.96,392.18,439.24,440.37
210,8.4,5,car,0.5746,683.28,248.0,709.14,269.55
211,8.44,6,car,0.828,366.8,393.64,437.75,442.42
211,8.44,5,car,0.4696,683.03,247.84,707.18,268.68
212,8.48,6,car,0.797,364.39,396.57,436.06,446.3
212,8.48,5,car,0.4487,682.59,247.6,706.36,268.87
213,8.52,6,car,0.7514,362.07,399.96,432.63,450.31
213,8.52,5,car,0.4039,682.43,247.72,705.62,268.79
214,8.56,6,car,0.8066,361.53,402.85,431.52,454.42
214,8.56,5,car,0.3749,681.84,247.41,704.26,268.35
215,8.6,6,car,0.7663,359.98,405.39,429.85,458.25
215,8.6,5,car,0.4506,681.11,246.98,703.66,267.34
216,8.64,6,car,0.7718,354.71,408.36,429.3,461.97
216,8.64,5,car,0.4038,680.59,246.94,703.67,267.59
217,8.68,6,car,0.7794,352.7,410.65,428.22,465.52
218,8.72,6,car,0.7259,347.55,416.26,426.63,469.88
218,8.72,7,car,0.663,491.68,255.73,519.71,277.84
219,8.76,6,car,0.785,347.83,418.07,424.18,474.98
219,8.76,7,car,0.4042,489.34,257.0,518.24,277.13
220,8.8,6,car,0.7942,345.21,422.75,423.98,477.8
220,8.8,7,car,0.5082,488.96,257.4,517.27,277.71
221,8.84,6,car,0.7968,343.11,424.94,423.27,483.17
221,8.84,5,car,0.3953,678.54,244.14,700.15,264.85
221,8.84,7,car,0.393,488.2,257.37,516.77,277.62
222,8.88,6,car,0.769,341.06,427.95,420.91,486.01
222,8.88,7,car,0.3993,487.32,257.23,516.32,278.93
223,8.92,6,car,0.7514,337.98,432.7,418.68,491.6
223,8.92,7,car,0.4645,488.08,256.89,515.75,278.8
224,8.96,6,car,0.7648,334.17,436.13,417.2,496.15
224,8.96,7,car,0.4003,488.05,256.43,514.97,278.7
225,9.0,6,car,0.7584,330.56,440.28,414.19,501.03
225,9.0,7,car,0.4578,487.61,257.64,514.45,280.25
226,9.04,6,car,0.7845,326.41,444.71,411.58,507.31
226,9.04,7,car,0.6108,485.99,258.68,514.06,280.86
227,9.08,6,car,0.7523,324.21,449.35,408.91,511.19
227,9.08,7,car,0.6037,484.74,259.43,512.92,280.61
228,9.12,6,car,0.7837,318.68,452.48,408.7,517.13
228,9.12,7,car,0.4799,480.44,260.26,512.68,281.59
229,9.16,6,car,0.7984,318.52,457.6,404.45,522.07
229,9.16,7,car,0.4579,479.2,261.4,512.13,282.55
230,9.2,6,car,0.7882,314.5,463.86,402.05,527.36
230,9.2,7,car,0.5234,479.24,261.96,511.24,283.34
231,9.24,6,car,0.7716,309.07,466.18,400.79,534.08
231,9.24,7,car,0.38,478.61,261.56,509.83,284.05
232,9.28,6,car,0.7333,301.17,471.41,397.25,541.41
232,9.28,7,car,0.4593,478.36,260.87,508.84,285.06
233,9.32,6,car,0.7531,301.02,478.33,397.52,546.51
233,9.32,7,car,0.3921,478.72,260.64,508.58,285.54
234,9.36,6,car,0.6979,295.62,482.36,394.68,554.3
234,9.36,7,truck,0.4015,464.96,219.91,504.97,281.24
235,9.4,6,car,0.7997,288.77,488.42,391.03,561.12
235,9.4,7,truck,0.4671,464.76,220.41,504.92,282.07
236,9.44,6,car,0.7252,283.64,494.6,386.73,568.15
236,9.44,7,truck,0.3682,464.72,220.53,504.97,283.3
237,9.48,6,car,0.7182,276.7,499.44,381.99,575.55
237,9.48,7,truck,0.3745,464.69,220.96,504.19,283.58
238,9.52,6,car,0.7284,272.01,505.64,380.95,583.85
238,9.52,7,truck,0.3703,464.29,220.74,503.84,284.49
239,9.56,6,car,0.7927,269.87,513.41,376.88,590.09
239,9.56,7,truck,0.4087,462.8,220.28,504.17,285.33
240,9.6,6,car,0.7675,258.57,519.68,374.39,600.39
240,9.6,7,truck,0.4356,462.62,220.52,503.89,285.37
241,9.64,6,car,0.8157,250.13,525.56,369.08,607.44
241,9.64,7,truck,0.5403,462.18,220.17,503.8,285.63
242,9.68,6,car,0.8024,244.41,532.88,365.26,616.6
242,9.68,7,truck,0.5349,462.21,220.68,503.71,286.57
243,9.72,6,car,0.853,238.73,540.21,357.71,626.67
243,9.72,7,truck,0.5274,462.35,220.66,503.03,286.46
244,9.76,6,car,0.7961,233.23,546.63,356.17,636.35
244,9.76,7,truck,0.4997,461.91,219.44,502.88,288.95
245,9.8,6,car,0.6691,222.45,554.84,351.82,646.33
245,9.8,7,truck,0.4765,461.19,218.64,502.82,290.1
246,9.84,6,car,0.7235,215.25,562.03,348.56,657.15
246,9.84,7,truck,0.4986,461.25,220.01,502.69,289.02
247,9.88,6,car,0.8145,208.59,571.81,342.14,666.69
248,9.92,6,car,0.7976,198.54,580.18,335.92,680.18
249,9.96,6,car,0.8332,186.6,589.73,328.8,691.51
250,10.0,6,car,0.8055,176.92,599.89,324.77,704.92
251,10.04,6,car,0.8084,165.73,610.32,319.67,716.7
252,10.08,6,car,0.7507,157.16,622.53,311.31,720.0
253,10.12,6,car,0.8268,154.01,633.55,304.47,720.0
254,10.16,6,car,0.8316,145.58,645.09,296.86,720.0
255,10.2,6,car,0.7814,138.54,658.46,288.92,717.93
256,10.24,6,car,0.6359,125.13,672.95,281.67,716.08
267,10.68,7,car,0.3612,451.8,279.13,487.63,309.55
269,10.76,7,car,0.5373,451.46,279.76,486.22,310.73
270,10.8,7,car,0.6107,448.53,282.0,485.17,311.96
271,10.84,7,car,0.6454,447.5,282.83,484.94,312.32
272,10.88,7,car,0.6732,446.07,283.01,484.24,314.19
273,10.92,7,car,0.7265,445.31,283.83,483.47,315.32
274,10.96,7,car,0.7466,443.87,283.61,481.99,316.01
275,11.0,7,car,0.7078,444.43,287.32,480.43,317.5
276,11.04,7,car,0.6975,443.27,287.09,481.31,317.74
277,11.08,7,car,0.7021,443.19,286.74,480.43,317.46
278,11.12,7,car,0.6653,442.88,288.55,477.89,318.46
279,11.16,7,car,0.654,439.91,290.02,477.39,320.04
280,11.2,7,car,0.6404,438.76,291.14,477.67,321.25
281,11.24,7,car,0.6824,434.45,291.44,476.98,322.44
282,11.28,7,car,0.7053,435.36,292.17,475.8,323.79
283,11.32,7,car,0.6944,435.29,293.44,474.54,325.87
284,11.36,7,car,0.7056,432.34,292.41,473.94,326.6
285,11.4,7,car,0.7011,429.16,291.68,473.57,327.44
286,11.44,7,car,0.6591,425.92,291.15,473.01,328.21
287,11.48,7,car,0.7487,425.53,293.98,471.89,329.49
288,11.52,7,car,0.7412,428.09,295.43,470.49,330.65
289,11.56,7,car,0.7476,427.0,295.83,469.51,331.75
290,11.6,7,car,0.754,427.35,297.5,468.94,333.06
291,11.64,7,car,0.7351,426.72,300.3,468.71,333.49
292,11.68,7,car,0.6979,427.49,302.14,468.19,333.87
293,11.72,7,car,0.6472,425.18,301.41,467.47,334.92
294,11.76,7,car,0.6964,424.08,300.33,467.11,337.01
295,11.8,7,car,0.6429,423.47,301.09,466.22,337.44
296,11.84,7,car,0.7246,423.91,302.31,465.81,338.73
297,11.88,7,car,0.792,422.83,305.87,464.08,341.35
298,11.92,7,car,0.7347,420.39,307.44,463.04,342.37
299,11.96,7,car,0.7103,419.37,307.73,462.28,343.6
300,12.0,7,car,0.6247,420.08,310.03,460.18,345.36
300,12.0,8,truck,0.6078,438.27,231.51,493.14,305.63
301,12.04,7,car,0.5976,416.81,310.85,459.78,347.69
301,12.04,8,truck,0.5525,438.1,231.83,492.82,306.23
302,12.08,7,car,0.6071,413.16,311.11,459.33,348.83
303,12.12,7,car,0.6004,410.89,312.32,459.27,350.63
304,12.16,7,car,0.5894,409.71,315.02,459.69,351.23
304,12.16,8,bus,0.4346,435.45,234.64,490.52,307.77
305,12.2,7,car,0.5524,408.65,316.27,459.21,352.38
305,12.2,8,bus,0.4343,435.75,234.08,491.33,307.82
306,12.24,7,car,0.7229,407.59,317.96,458.65,354.4
306,12.24,8,bus,0.4544,435.78,233.18,490.51,307.75
307,12.28,7,car,0.7223,407.53,317.66,457.43,354.66
307,12.28,8,bus,0.404,435.5,233.92,490.45,307.28
308,12.32,7,car,0.8193,407.26,318.24,455.67,357.11
308,12.32,8,bus,0.4033,434.05,234.39,488.85,307.79
309,12.36,7,car,0.8707,406.38,318.9,454.38,358.7
309,12.36,8,bus,0.4696,434.7,233.7,488.52,309.1
310,12.4,7,car,0.8644,405.12,321.05,452.38,359.74
310,12.4,8,bus,0.5459,433.24,233.52,489.5,310.68
311,12.44,7,car,0.8577,403.33,321.94,451.6,361.12
311,12.44,8,bus,0.603,432.63,234.27,489.11,312.19
312,12.48,7,car,0.8493,402.97,325.2,450.56,363.05
312,12.48,8,bus,0.6171,431.99,234.42,489.31,313.86
313,12.52,7,car,0.8315,401.32,325.87,449.2,365.23
313,12.52,8,bus,0.5849,430.91,234.5,489.23,313.92
314,12.56,7,car,0.7905,399.12,327.09,448.37,366.5
314,12.56,8,bus,0.5126,429.82,235.25,488.91,314.51
315,12.6,7,car,0.7442,398.64,328.89,448.04,367.61
315,12.6,8,bus,0.5642,429.53,236.24,488.35,315.75
316,12.64,7,car,0.7427,397.3,329.78,447.91,369.24
316,12.64,8,bus,0.6029,428.84,236.1,488.15,315.96
317,12.68,7,car,0.8064,395.16,330.84,447.08,370.41
317,12.68,8,bus,0.591,428.29,236.01,487.88,316.1
318,12.72,7,car,0.8039,393.24,332.56,446.08,373.2
318,12.72,8,bus,0.5732,428.17,236.51,487.1,316.13
319,12.76,7,car,0.7878,391.92,332.97,445.16,374.73
319,12.76,8,bus,0.5023,427.7,237.79,485.82,317.0
320,12.8,7,car,0.8024,390.1,333.18,444.25,376.77
320,12.8,8,bus,0.4942,425.9,237.3,485.19,318.54
321,12.84,7,car,0.8432,389.53,336.09,442.2,378.35
321,12.84,8,bus,0.486,424.1,237.02,484.58,319.8
322,12.88,7,car,0.8587,388.37,338.25,441.04,380.03
322,12.88,8,bus,0.484,425.56,237.72,482.61,320.7
323,12.92,7,car,0.8004,385.65,341.35,439.43,382.95
323,12.92,8,bus,0.5137,424.86,237.51,482.46,321.95
324,12.96,7,car,0.652,382.59,341.32,439.21,384.53
324,12.96,8,bus,0.4709,424.1,237.46,482.05,322.06
325,13.0,7,car,0.7542,380.5,343.78,437.51,386.39
325,13.0,8,bus,0.5489,423.13,237.7,482.11,322.39
326,13.04,7,car,0.7526,383.25,346.25,436.34,387.8
326,13.04,8,bus,0.6646,422.69,238.03,481.12,323.16
327,13.08,7,car,0.7951,379.93,346.61,435.74,390.38
327,13.08,8,bus,0.6792,421.46,238.36,480.67,325.37
328,13.12,7,car,0.796,378.42,349.22,432.75,391.9
328,13.12,8,bus,0.639,420.57,238.67,481.16,325.56
329,13.16,7,car,0.8383,374.68,352.57,432.66,395.25
329,13.16,8,bus,0.6073,420.03,239.09,479.98,325.55
330,13.2,7,car,0.8092,372.6,354.1,431.99,397.48
330,13.2,8,bus,0.6083,419.61,239.37,479.41,326.62
331,13.24,7,car,0.8356,370.58,357.2,431.3,399.11
331,13.24,8,bus,0.6275,418.65,240.26,479.69,326.79
332,13.28,7,car,0.8482,369.26,357.69,430.62,400.85
332,13.28,8,bus,0.6679,417.91,240.93,480.91,328.47
333,13.32,7,car,0.8529,366.7,358.91,429.68,403.27
333,13.32,8,bus,0.5307,416.98,241.02,481.63,330.02
334,13.36,7,car,0.8019,366.0,360.0,428.07,404.99
334,13.36,8,bus,0.4431,416.69,240.64,481.21,329.93
335,13.4,7,car,0.7757,364.89,360.77,427.27,407.15
335,13.4,8,bus,0.4815,414.85,240.95,481.4,331.28
336,13.44,7,car,0.7746,363.95,361.66,425.14,410.57
337,13.48,7,car,0.733,360.98,364.1,424.24,411.71
338,13.52,7,car,0.713,360.84,366.53,422.2,412.43
339,13.56,7,car,0.7858,355.03,368.87,420.7,418.14
340,13.6,7,car,0.8629,355.56,370.38,418.4,420.23
341,13.64,7,car,0.8041,353.45,373.55,417.0,422.16
342,13.68,7,car,0.5568,347.52,377.0,417.51,426.96
342,13.68,8,truck,0.4019,408.79,244.61,474.41,338.05
343,13.72,7,car,0.7704,345.89,375.99,415.01,429.04
343,13.72,8,bus,0.3987,408.54,244.85,473.35,338.38
344,13.76,7,car,0.6259,343.38,378.39,415.15,432.13
344,13.76,8,bus,0.4313,407.62,244.76,474.66,338.66
345,13.8,7,car,0.6993,340.06,383.36,413.53,435.16
345,13.8,8,bus,0.4263,406.69,245.62,473.37,339.32
346,13.84,7,car,0.8028,341.79,385.04,410.6,437.14
346,13.84,8,bus,0.4339,405.01,245.9,473.43,339.72
347,13.88,7,car,0.8124,338.68,386.14,409.25,439.81
347,13.88,8,bus,0.3949,405.33,245.97,474.15,339.84
348,13.92,7,car,0.8846,332.86,389.83,405.91,443.5
349,13.96,7,car,0.8262,332.36,392.6,403.66,446.66
350,14.0,7,car,0.8211,328.46,393.17,402.89,450.16
351,14.04,7,car,0.8088,327.45,397.8,400.03,454.68
351,14.04,8,truck,0.3983,401.51,249.01,472.19,345.64
352,14.08,7,car,0.8093,326.37,400.93,398.78,457.57
352,14.08,8,bus,0.3877,401.51,250.17,474.07,346.74
353,14.12,7,car,0.7997,320.91,401.37,397.23,462.4
353,14.12,8,truck,0.3561,400.78,250.18,474.05,347.74
354,14.16,7,car,0.858,317.11,405.87,394.62,464.83
354,14.16,8,truck,0.3679,398.72,250.59,470.4,348.15
355,14.2,7,car,0.8144,313.59,408.56,393.87,468.95
355,14.2,8,bus,0.4422,397.94,250.94,469.34,349.53
356,14.24,7,car,0.8349,312.6,410.34,390.53,471.92
356,14.24,8,bus,0.5224,396.64,251.76,468.21,349.77
357,14.28,7,car,0.8058,308.93,416.45,388.35,476.32
357,14.28,8,bus,0.6041,395.79,252.16,467.94,351.27
358,14.32,7,car,0.7848,305.18,417.44,387.6,480.26
358,14.32,8,bus,0.5996,394.85,252.38,467.38,353.14
359,14.36,7,car,0.7958,301.25,420.93,385.2,483.64
359,14.36,8,bus,0.4824,394.05,253.15,465.83,355.55
360,14.4,7,car,0.7949,299.03,425.16,381.53,489.06
360,14.4,8,truck,0.6105,392.1,252.76,471.4,357.76
361,14.44,7,car,0.8403,295.43,426.85,379.31,493.32
361,14.44,8,truck,0.5652,391.49,252.69,471.11,358.68
362,14.48,7,car,0.81,289.25,433.07,376.21,498.57
362,14.48,8,truck,0.5786,390.66,253.26,469.49,359.52
363,14.52,7,car,0.8252,286.67,434.16,373.41,502.71
363,14.52,8,truck,0.5022,389.45,253.72,467.14,359.96
364,14.56,7,car,0.829,282.42,438.97,371.82,509.18
364,14.56,8,truck,0.37,388.87,254.01,464.76,360.18
365,14.6,7,car,0.7916,280.16,440.77,367.22,512.49
365,14.6,8,truck,0.353,388.14,254.29,464.6,360.79
366,14.64,7,car,0.8278,277.42,447.29,365.83,516.3
366,14.64,8,truck,0.4319,386.63,254.83,462.13,363.47
367,14.68,7,car,0.7135,270.09,448.19,363.12,523.02
367,14.68,8,truck,0.4285,385.71,255.71,461.14,364.5
368,14.72,7,car,0.7478,265.84,454.29,361.03,529.07
368,14.72,8,truck,0.414,385.2,256.47,460.07,365.86
369,14.76,7,car,0.7891,261.06,455.95,357.44,533.59
369,14.76,8,truck,0.5245,384.71,257.17,460.33,366.26
370,14.8,7,car,0.7853,258.0,464.53,354.3,540.43
370,14.8,8,truck,0.5573,383.36,257.25,460.19,366.52
371,14.84,7,car,0.777,252.6,466.81,350.15,544.99
371,14.84,8,truck,0.5532,381.8,257.24,460.51,367.99
372,14.88,7,car,0.7788,247.83,472.32,346.08,551.21
372,14.88,8,truck,0.5988,380.47,257.14,459.04,369.41
373,14.92,7,car,0.7992,243.96,477.63,344.2,555.33
373,14.92,8,truck,0.6145,380.15,258.22,458.34,370.76
374,14.96,7,car,0.8543,234.74,479.55,340.86,563.38
374,14.96,8,truck,0.603,379.07,258.17,458.53,372.51
375,15.0,7,car,0.7565,229.1,485.82,336.51,572.59
375,15.0,8,truck,0.6127,376.9,257.8,457.38,372.7
376,15.04,7,car,0.7535,223.13,492.04,333.17,577.45
376,15.04,8,truck,0.5977,376.63,258.64,457.24,374.3
377,15.08,7,car,0.7152,217.64,495.53,330.41,584.28
377,15.08,8,truck,0.6081,375.04,258.78,456.17,375.02
378,15.12,7,car,0.7666,212.29,502.84,325.68,592.89
378,15.12,8,truck,0.6114,373.92,258.94,456.64,376.66
379,15.16,7,car,0.6865,207.0,509.44,321.54,600.96
379,15.16,8,truck,0.5763,372.48,259.67,454.84,378.89
380,15.2,7,car,0.6796,200.47,514.59,318.78,608.44
380,15.2,8,truck,0.4622,371.65,261.23,452.7,379.19
381,15.24,7,car,0.7194,197.23,519.89,314.53,616.53
381,15.24,8,truck,0.5221,371.47,262.57,451.41,380.17
382,15.28,7,car,0.8689,186.09,526.49,308.71,623.94
382,15.28,8,truck,0.5525,368.99,262.39,453.62,381.46
383,15.32,7,car,0.8135,180.62,534.98,303.62,633.62
383,15.32,8,truck,0.6695,367.77,264.17,453.28,383.35
384,15.36,7,car,0.7679,167.44,541.86,300.14,644.25
384,15.36,8,truck,0.6249,366.97,264.44,452.52,386.09
385,15.4,7,car,0.6625,162.13,549.62,294.02,653.16
385,15.4,8,truck,0.7123,365.29,265.16,452.05,388.18
386,15.44,7,car,0.8176,150.53,557.38,287.89,664.19
386,15.44,8,truck,0.6413,364.16,266.21,450.96,389.52
386,15.44,9,car,0.7186,1216.47,567.82,1279.68,665.59
387,15.48,7,car,0.7438,146.09,564.23,284.96,673.23
387,15.48,8,truck,0.6173,363.66,266.51,449.83,390.37
387,15.48,9,car,0.6215,1200.98,558.04,1279.61,650.18
388,15.52,7,car,0.842,133.05,572.87,278.62,686.38
388,15.52,8,truck,0.6769,361.82,266.69,448.92,391.98
388,15.52,9,car,0.7417,1184.34,548.43,1279.2,640.04
389,15.56,7,car,0.8316,128.47,581.97,271.02,697.52
389,15.56,8,truck,0.6789,361.21,266.86,448.55,393.71
389,15.56,9,car,0.8111,1167.04,539.94,1279.31,627.99
390,15.6,7,car,0.7675,119.34,590.25,265.0,708.13
390,15.6,8,truck,0.7287,357.26,267.11,448.51,397.35
390,15.6,9,car,0.7863,1153.86,530.07,1279.52,617.84
391,15.64,7,car,0.8187,106.85,599.61,259.02,717.25
391,15.64,8,truck,0.687,357.0,267.28,448.43,397.8
391,15.64,9,car,0.742,1140.16,521.41,1267.21,607.38
392,15.68,7,car,0.7829,101.93,609.04,252.99,719.03
392,15.68,8,truck,0.6978,354.16,267.92,446.86,399.1
392,15.68,9,car,0.7812,1128.88,513.97,1250.75,597.83
393,15.72,7,car,0.7693,93.24,619.61,245.12,718.59
393,15.72,8,truck,0.6271,353.64,268.22,447.02,399.9
393,15.72,9,car,0.7812,1115.2,505.27,1235.83,589.33
394,15.76,7,car,0.6125,49.76,630.1,235.89,717.11
394,15.76,8,truck,0.6453,351.48,270.51,445.01,401.87
394,15.76,9,car,0.7868,1104.37,498.03,1221.47,580.85
395,15.8,7,car,0.7714,43.0,641.27,230.64,717.65
395,15.8,8,truck,0.6757,349.66,270.57,443.82,403.71
395,15.8,9,car,0.8362,1090.85,490.91,1206.35,571.43
396,15.84,7,car,0.6495,49.38,655.29,219.18,715.75
396,15.84,8,truck,0.6837,347.43,270.32,443.32,405.05
396,15.84,9,car,0.7709,1080.66,485.47,1192.07,562.9
397,15.88,8,truck,0.6399,344.65,271.11,441.21,407.37
397,15.88,9,car,0.8417,1070.05,479.34,1179.84,554.53
397,15.88,7,car,0.5084,43.21,665.46,208.86,718.26
398,15.92,8,truck,0.6717,343.14,272.16,440.26,409.15
398,15.92,9,car,0.8618,1059.58,473.42,1166.45,546.37
399,15.96,8,truck,0.6555,342.44,273.04,439.31,410.83
399,15.96,9,car,0.7509,1048.04,465.7,1153.27,538.32
400,16.0,8,truck,0.7023,341.34,274.46,439.21,413.12
400,16.0,9,car,0.8316,1041.3,460.45,1143.64,532.19
401,16.04,8,truck,0.6719,341.18,275.97,438.46,413.3
401,16.04,9,car,0.8864,1031.1,456.24,1132.98,524.5
402,16.08,8,truck,0.7175,338.96,276.21,437.61,415.47
402,16.08,9,car,0.862,1021.75,450.59,1120.74,518.24
403,16.12,8,truck,0.7078,338.14,276.1,437.14,417.85
403,16.12,9,car,0.8202,1015.7,444.35,1110.35,511.07
404,16.16,8,truck,0.6712,337.68,277.28,437.06,420.86
404,16.16,9,car,0.7208,1008.54,440.25,1102.83,503.74
405,16.2,8,truck,0.6272,336.32,278.38,435.49,422.07
405,16.2,9,car,0.7126,998.33,435.8,1089.55,497.9
406,16.24,8,truck,0.6702,334.95,279.18,434.92,424.42
406,16.24,9,car,0.8359,990.27,431.43,1081.21,493.4
407,16.28,8,truck,0.6972,333.13,280.17,434.35,425.58
407,16.28,9,car,0.6315,980.94,425.97,1072.36,487.23
408,16.32,8,truck,0.6022,330.87,280.67,432.96,428.94
408,16.32,9,car,0.6757,977.25,422.25,1064.46,480.63
409,16.36,8,truck,0.7532,329.38,282.02,433.2,430.2
409,16.36,9,car,0.652,969.33,418.42,1056.12,476.31
410,16.4,8,truck,0.7491,326.82,282.51,432.38,432.28
410,16.4,9,car,0.7125,962.04,414.22,1048.24,471.76
411,16.44,8,truck,0.754,325.42,282.72,431.26,433.45
411,16.44,9,car,0.7683,956.5,409.94,1039.33,466.14
412,16.48,8,truck,0.7426,323.22,283.31,430.4,437.31
412,16.48,9,car,0.7819,951.57,405.89,1033.88,462.28
413,16.52,8,truck,0.6707,322.83,282.26,429.58,441.05
413,16.52,9,car,0.8346,944.39,402.64,1025.09,457.09
414,16.56,8,truck,0.6825,320.85,284.55,430.29,441.06
414,16.56,9,car,0.7219,937.83,398.55,1019.78,453.74
415,16.6,8,truck,0.6942,318.11,284.18,428.85,445.04
415,16.6,9,car,0.7219,933.7,394.69,1010.38,448.38
415,16.6,10,car,0.5819,424.29,300.86,458.65,335.41
416,16.64,10,car,0.6451,423.53,301.09,458.49,336.24
416,16.64,8,truck,0.594,317.89,285.34,427.12,446.73
416,16.64,9,car,0.5897,929.45,392.55,1004.88,444.31
417,16.68,8,truck,0.6208,314.29,285.29,426.14,448.89
417,16.68,9,car,0.6791,921.87,388.46,998.28,438.89
417,16.68,10,car,0.5884,422.7,301.22,457.71,337.36
418,16.72,9,car,0.6,919.15,385.67,991.94,435.58
418,16.72,10,car,0.6069,421.28,297.97,458.1,338.44
418,16.72,8,truck,0.5732,309.87,288.35,425.0,453.55
419,16.76,8,truck,0.6305,307.79,290.88,424.0,456.59
419,16.76,9,car,0.655,911.89,382.59,986.56,431.35
419,16.76,10,car,0.6042,418.92,299.29,457.12,339.33
420,16.8,8,truck,0.618,306.6,292.19,423.09,458.63
420,16.8,9,car,0.6603,908.57,377.84,979.6,428.95
420,16.8,10,car,0.4832,414.47,297.96,456.08,340.44
421,16.84,8,truck,0.6869,304.54,292.9,422.43,460.61
421,16.84,9,car,0.7797,904.36,375.58,974.76,424.42
421,16.84,10,car,0.4483,415.61,303.95,455.3,342.56
422,16.88,8,truck,0.6878,302.21,294.62,421.67,462.74
422,16.88,9,car,0.702,899.71,372.96,969.75,421.32
422,16.88,10,car,0.5077,415.16,304.65,454.46,343.23
423,16.92,8,truck,0.6388,299.21,296.93,421.73,465.96
423,16.92,9,car,0.5308,895.94,371.23,963.3,417.82
423,16.92,10,car,0.4904,413.06,306.06,453.78,343.7
424,16.96,9,car,0.6715,894.0,369.72,958.19,414.55
424,16.96,8,truck,0.5658,297.74,297.04,421.3,466.83
424,16.96,10,car,0.4434,413.29,307.27,453.06,345.05
425,17.0,8,truck,0.6424,296.76,297.52,419.91,469.81
425,17.0,9,car,0.7619,886.85,365.21,953.49,411.45
425,17.0,10,car,0.6734,411.75,307.46,452.54,346.33
426,17.04,8,truck,0.7065,294.37,298.37,417.35,473.58
426,17.04,9,car,0.6394,880.24,363.2,947.95,407.93
426,17.04,10,car,0.6,411.39,307.79,452.01,347.54
427,17.08,8,truck,0.7771,292.41,298.97,416.42,476.17
427,17.08,9,car,0.6055,877.74,359.36,943.01,404.04
427,17.08,10,car,0.7459,411.35,308.51,450.86,347.91
428,17.12,8,truck,0.7846,289.91,299.82,415.43,478.16
428,17.12,9,car,0.6837,874.73,358.18,938.55,400.96
428,17.12,10,car,0.7995,409.91,309.65,450.53,350.4
429,17.16,8,truck,0.828,288.71,299.66,415.29,481.07
429,17.16,9,car,0.7274,870.67,356.05,933.71,398.5
429,17.16,10,car,0.8743,408.7,310.46,450.2,350.9
430,17.2,8,truck,0.7577,285.73,300.77,415.01,484.67
430,17.2,9,car,0.7576,864.54,352.62,928.51,396.23
430,17.2,10,car,0.8734,407.81,311.73,449.81,351.74
431,17.24,8,truck,0.7744,282.96,302.46,413.17,489.26
431,17.24,9,car,0.713,862.04,350.95,924.93,392.71
431,17.24,10,car,0.8324,407.4,312.75,448.94,352.32
432,17.28,8,truck,0.7165,276.38,304.04,410.64,491.32
432,17.28,9,car,0.7957,857.36,348.26,920.18,389.68
432,17.28,10,car,0.8381,406.45,312.86,449.44,353.79
433,17.32,8,truck,0.7215,276.99,306.12,409.2,494.93
433,17.32,9,car,0.6585,855.88,345.61,915.01,388.05
433,17.32,10,car,0.8287,404.91,313.28,449.63,354.61
434,17.36,8,truck,0.7621,274.8,307.75,408.49,499.26
434,17.36,9,car,0.6183,853.68,345.06,911.14,385.48
434,17.36,10,car,0.8202,404.84,314.0,448.8,356.17
435,17.4,8,truck,0.7856,270.7,307.65,407.39,501.06
435,17.4,9,car,0.6354,848.16,341.97,906.26,381.75
435,17.4,10,car,0.7925,403.98,316.0,448.22,358.2
436,17.44,8,truck,0.7938,269.24,309.26,407.75,505.22
436,17.44,9,car,0.7831,847.17,340.44,903.12,380.14
436,17.44,10,car,0.8398,403.39,317.28,447.86,359.35
437,17.48,8,truck,0.741,266.64,310.52,405.99,507.39
437,17.48,9,car,0.8479,841.29,339.62,897.23,377.67
437,17.48,10,car,0.7895,401.02,317.7,447.03,359.97
438,17.52,8,truck,0.7273,260.97,310.36,404.62,512.45
438,17.52,9,car,0.7584,840.46,336.9,895.67,375.16
438,17.52,10,car,0.7616,399.9,320.19,447.43,360.66
439,17.56,8,truck,0.7112,260.41,311.01,403.64,515.03
439,17.56,9,car,0.6731,833.26,334.93,890.6,372.82
439,17.56,10,car,0.811,398.59,321.68,446.63,362.4
440,17.6,8,truck,0.6182,258.08,314.01,401.52,520.99
440,17.6,9,car,0.7058,830.47,333.89,886.98,369.85
440,17.6,10,car,0.8373,398.17,323.73,446.15,363.99
441,17.64,8,truck,0.6952,255.11,315.6,398.88,523.38
441,17.64,9,car,0.6972,826.86,329.64,882.45,368.32
441,17.64,10,car,0.7762,397.25,326.17,445.54,365.76
442,17.68,8,truck,0.6552,252.36,316.47,397.89,528.62
442,17.68,9,car,0.7045,824.46,328.96,879.79,366.57
442,17.68,10,car,0.7858,395.61,326.83,444.77,366.89
443,17.72,8,truck,0.7176,246.58,314.77,397.77,531.78
443,17.72,9,car,0.6863,821.66,328.66,877.07,364.78
443,17.72,10,car,0.7829,394.5,327.1,444.65,367.75
444,17.76,10,car,0.7912,393.48,327.63,444.32,368.68
444,17.76,8,truck,0.5807,243.43,317.77,395.06,538.16
444,17.76,9,car,0.5259,820.55,326.02,873.23,361.94
445,17.8,8,truck,0.6522,237.87,319.55,395.05,538.54
445,17.8,9,car,0.7357,815.88,325.35,868.25,359.11
445,17.8,10,car,0.7337,391.83,329.02,444.15,369.88
446,17.84,8,truck,0.7041,238.46,321.82,394.14,543.77
446,17.84,9,car,0.7897,815.66,323.37,864.98,358.32
446,17.84,10,car,0.7248,390.27,330.79,442.51,371.0
447,17.88,8,truck,0.7199,233.26,322.9,391.42,549.06
447,17.88,9,car,0.8065,811.9,320.46,862.34,355.86
447,17.88,10,car,0.6549,388.13,332.15,442.85,373.9
448,17.92,8,truck,0.7593,229.26,325.72,388.74,555.49
448,17.92,9,car,0.7498,810.22,320.17,859.54,353.66
448,17.92,10,car,0.7029,387.38,334.08,442.25,374.42
449,17.96,8,truck,0.6577,221.3,325.89,389.42,560.6
449,17.96,9,car,0.7061,806.9,318.29,856.14,351.73
449,17.96,10,car,0.7179,385.91,335.26,441.41,376.23
450,18.0,8,truck,0.7514,220.62,328.87,388.38,563.72
450,18.0,9,car,0.6561,804.84,316.53,851.08,349.47
450,18.0,10,car,0.6361,385.39,335.52,440.99,377.85
451,18.04,9,car,0.7531,801.45,314.28,848.07,348.42
451,18.04,10,car,0.735,384.24,336.23,439.49,379.33
451,18.04,8,truck,0.477,215.17,329.5,385.97,569.3
452,18.08,8,truck,0.7831,214.42,330.49,383.05,573.0
452,18.08,9,car,0.8003,798.5,313.03,846.89,346.63
452,18.08,10,car,0.7091,383.76,336.59,437.78,381.26
453,18.12,8,truck,0.7725,208.8,331.92,382.39,579.17
453,18.12,9,car,0.7724,795.33,312.83,844.7,344.85
453,18.12,10,car,0.8093,382.85,338.11,437.9,383.43
454,18.16,8,truck,0.827,200.64,333.46,381.54,584.53
454,18.16,9,car,0.6517,793.77,312.24,838.99,342.58
454,18.16,10,car,0.8258,380.98,340.41,438.04,384.69
455,18.2,8,truck,0.7152,194.1,336.51,380.16,589.71
455,18.2,9,car,0.7946,792.05,310.65,836.34,341.71
455,18.2,10,car,0.7822,376.48,342.59,438.09,386.49
456,18.24,8,truck,0.6389,194.25,338.42,376.58,595.31
456,18.24,9,car,0.8054,787.81,309.1,832.54,339.83
456,18.24,10,car,0.6862,371.37,344.1,437.3,387.09
457,18.28,8,truck,0.6504,188.52,341.35,375.15,602.0
457,18.28,9,car,0.8191,785.49,306.74,831.6,338.11
457,18.28,10,car,0.759,375.06,345.07,437.06,389.13
458,18.32,8,truck,0.7323,183.27,342.23,373.32,607.78
458,18.32,9,car,0.7495,782.41,305.32,829.71,336.72
458,18.32,10,car,0.803,373.38,346.02,436.95,390.47
459,18.36,8,truck,0.7945,178.8,345.03,372.27,612.5
459,18.36,9,car,0.6451,780.32,305.86,826.73,334.99
459,18.36,10,car,0.6707,370.73,347.34,437.19,393.83
460,18.4,8,truck,0.8002,172.74,345.44,368.79,619.36
460,18.4,10,car,0.6723,376.49,350.2,436.71,395.93
460,18.4,9,car,0.4255,779.83,303.44,823.19,334.07
461,18.44,8,truck,0.8038,167.56,345.82,365.61,626.38
461,18.44,10,car,0.6749,375.46,353.97,437.22,398.12
461,18.44,9,car,0.4577,777.06,302.38,820.64,332.79
462,18.48,8,truck,0.7932,169.07,347.31,364.81,630.55
462,18.48,9,car,0.7165,775.38,299.89,817.52,330.05
462,18.48,10,car,0.7082,377.53,354.48,436.83,399.16
463,18.52,8,truck,0.7591,160.55,351.22,362.58,637.17
463,18.52,9,car,0.7325,772.15,298.97,816.04,328.5
463,18.52,10,car,0.6696,373.92,353.22,435.88,400.35
464,18.56,8,truck,0.7934,151.52,355.78,361.38,644.18
464,18.56,9,car,0.741,770.8,297.46,813.99,327.49
464,18.56,10,car,0.8115,373.45,354.81,436.57,402.83
465,18.6,8,truck,0.7417,150.51,357.67,359.75,649.82
465,18.6,10,car,0.8083,374.62,358.04,435.72,404.27
465,18.6,9,car,0.5025,767.8,295.81,810.75,327.17
466,18.64,8,truck,0.827,144.96,360.62,358.83,660.22
466,18.64,10,car,0.8552,375.41,359.96,436.46,405.92
467,18.68,8,truck,0.8418,132.61,361.88,355.34,667.97
467,18.68,10,car,0.8859,375.68,360.96,435.59,407.07
467,18.68,9,car,0.4704,764.3,294.2,803.8,324.44
468,18.72,8,truck,0.7645,128.4,363.41,352.91,675.71
468,18.72,9,car,0.7885,762.9,294.51,801.77,322.06
468,18.72,10,car,0.8658,374.81,361.3,435.32,410.29
469,18.76,8,truck,0.8662,120.22,365.26,350.18,680.81
469,18.76,9,car,0.8419,760.22,293.18,800.35,321.28
469,18.76,10,car,0.863,373.88,361.74,434.45,411.81
470,18.8,8,truck,0.853,114.08,367.76,348.4,691.64
470,18.8,9,car,0.8483,759.32,292.57,798.04,318.36
470,18.8,10,car,0.8213,375.68,364.75,434.2,412.41
471,18.84,8,truck,0.8625,104.82,372.65,344.21,698.54
471,18.84,9,car,0.8411,756.32,290.94,798.13,319.73
471,18.84,10,car,0.7595,373.19,367.49,434.8,414.21
472,18.88,8,truck,0.8545,96.97,374.92,341.65,705.89
472,18.88,9,car,0.7566,755.8,290.77,795.15,318.02
472,18.88,10,car,0.7508,372.35,368.17,434.47,416.82
473,18.92,8,truck,0.8389,96.84,376.68,338.51,712.59
473,18.92,9,car,0.6982,754.75,290.6,793.33,316.18
473,18.92,10,car,0.7859,371.1,369.66,434.14,419.04
474,18.96,8,truck,0.8629,89.34,380.34,335.94,714.26
474,18.96,9,car,0.6563,754.14,289.5,791.18,313.99
474,18.96,10,car,0.7929,372.12,370.98,433.77,421.64
475,19.0,8,truck,0.8684,82.53,383.35,333.63,716.7
475,19.0,10,car,0.7983,371.5,373.55,433.94,423.97
475,19.0,9,car,0.5436,752.27,288.84,788.56,311.97
476,19.04,8,truck,0.8091,72.14,387.82,330.83,715.81
476,19.04,9,car,0.7043,750.0,286.57,785.8,311.01
476,19.04,10,car,0.749,366.89,376.21,433.55,429.2
477,19.08,8,truck,0.7556,59.41,390.56,327.32,716.09
477,19.08,9,car,0.7611,746.95,285.8,786.56,310.55
477,19.08,10,car,0.7809,366.09,377.74,433.91,430.24
478,19.12,8,truck,0.7383,57.01,393.52,324.07,714.89
478,19.12,9,car,0.7011,744.41,285.51,783.67,309.69
478,19.12,10,car,0.7928,368.08,378.0,434.12,431.36
479,19.16,8,truck,0.7106,45.82,397.68,321.54,714.2
479,19.16,9,car,0.712,743.83,283.71,782.0,308.48
479,19.16,10,car,0.7517,368.01,381.15,434.66,434.25
480,19.2,8,truck,0.7429,36.13,398.91,318.75,715.87
480,19.2,10,car,0.7774,368.1,384.16,436.02,438.08
480,19.2,9,car,0.5448,741.99,283.46,780.83,307.17
481,19.24,8,truck,0.6061,34.45,405.1,314.43,712.97
481,19.24,10,car,0.7476,367.39,385.42,435.47,439.78
481,19.24,9,car,0.5456,741.42,282.76,779.38,306.56
482,19.28,8,truck,0.6354,3.74,408.53,309.44,713.77
482,19.28,10,car,0.7995,365.57,386.62,435.63,442.71
482,19.28,9,car,0.3801,739.32,281.23,774.22,305.1
483,19.32,8,truck,0.6198,0.17,410.69,307.34,713.72
483,19.32,9,car,0.6684,738.81,280.01,771.66,301.93
483,19.32,10,car,0.8173,365.03,390.32,434.5,444.68
484,19.36,10,car,0.738,363.64,393.07,434.98,447.74
484,19.36,8,truck,0.4341,1.0,414.34,302.92,714.26
484,19.36,9,car,0.5514,738.16,279.83,768.48,300.81
485,19.4,9,car,0.6874,736.47,278.85,768.35,300.86
485,19.4,10,car,0.6798,362.4,394.25,437.9,451.53
485,19.4,8,truck,0.4889,0.02,420.7,298.35,713.71
486,19.44,9,car,0.6171,733.87,278.03,767.57,301.11
486,19.44,10,car,0.7181,364.14,396.11,436.35,454.07
487,19.48,9,car,0.7148,732.16,277.43,766.8,300.44
487,19.48,10,car,0.7232,363.27,399.83,438.19,457.19
487,19.48,8,truck,0.4058,0.18,428.22,291.04,716.02
488,19.52,9,car,0.7506,729.23,277.97,764.8,300.47
488,19.52,10,car,0.7398,362.67,401.85,441.55,460.5
489,19.56,9,car,0.6772,727.55,275.78,762.66,299.32
489,19.56,10,car,0.8041,361.37,403.24,439.12,462.33
490,19.6,10,car,0.7332,360.89,406.64,435.92,465.04
490,19.6,8,truck,0.4511,0.33,440.85,278.08,716.16
490,19.6,9,car,0.553,726.82,275.95,760.96,297.7
491,19.64,10,car,0.6656,360.17,408.65,434.7,466.47
491,19.64,8,bus,0.3594,0.25,445.29,271.34,714.28
491,19.64,9,car,0.439,727.46,276.4,760.06,297.2
492,19.68,9,car,0.626,725.75,274.75,758.55,295.98
492,19.68,10,car,0.7141,360.36,410.38,434.67,471.24
492,19.68,8,bus,0.4284,0.63,451.11,265.99,712.86
493,19.72,10,car,0.67,357.37,414.99,433.62,476.63
493,19.72,9,car,0.563,723.93,273.93,756.18,295.0
494,19.76,10,car,0.7394,353.59,416.69,434.6,479.03
494,19.76,9,car,0.4382,722.85,272.52,754.51,293.75
495,19.8,10,car,0.6958,354.02,418.01,434.96,482.44
495,19.8,8,bus,0.3809,0.0,470.76,252.01,711.18
495,19.8,9,car,0.4866,722.36,272.43,753.62,293.71
496,19.84,10,car,0.6249,355.16,421.91,435.73,486.23
496,19.84,9,car,0.489,720.97,270.39,752.95,293.18
497,19.88,10,car,0.7473,355.63,425.12,434.26,490.38
497,19.88,9,car,0.3597,720.31,270.67,752.73,291.68
498,19.92,10,car,0.8073,355.33,427.34,434.3,492.7
499,19.96,10,car,0.7493,353.26,432.4,434.17,496.16
500,20.0,10,car,0.7166,348.65,432.78,433.97,502.17
501,20.04,10,car,0.6704,350.6,435.97,434.67,505.31
502,20.08,10,car,0.6807,351.54,439.87,433.75,508.06
502,20.08,9,car,0.492,714.26,267.97,745.55,286.77
503,20.12,10,car,0.7814,349.55,443.47,435.32,511.74
504,20.16,10,car,0.6505,349.88,448.36,433.35,515.83
505,20.2,10,car,0.6502,345.65,449.48,436.18,521.38
505,20.2,9,car,0.3996,712.76,266.7,739.84,284.36
506,20.24,10,car,0.7169,347.67,453.12,434.47,526.44
506,20.24,9,car,0.3633,712.33,265.17,738.92,283.84
507,20.28,10,car,0.7431,346.12,457.25,435.28,529.59
507,20.28,9,car,0.398,710.82,264.32,737.72,282.98
508,20.32,10,car,0.7068,342.8,461.44,435.94,537.22
508,20.32,9,car,0.5938,709.11,263.54,737.53,283.05
509,20.36,10,car,0.767,342.93,464.68,436.68,541.05
509,20.36,9,car,0.5386,708.92,262.48,736.19,281.25
510,20.4,10,car,0.6929,341.15,468.5,436.06,546.38
511,20.44,10,car,0.717,338.32,473.69,435.96,552.64
512,20.48,10,car,0.767,340.16,476.18,435.44,557.15
513,20.52,10,car,0.7151,339.28,480.34,437.23,562.49
514,20.56,10,car,0.7577,334.51,484.25,437.05,569.56
515,20.6,10,car,0.7383,333.78,490.06,437.17,575.35
516,20.64,10,car,0.6767,334.03,494.93,437.79,580.8
516,20.64,9,car,0.3881,700.04,259.4,729.41,277.02
517,20.68,10,car,0.7168,331.4,498.35,435.98,586.06
517,20.68,9,car,0.4085,698.3,259.22,728.29,277.35
518,20.72,10,car,0.6582,329.42,504.66,438.37,594.2
518,20.72,9,car,0.4749,697.41,259.49,726.56,276.83
519,20.76,10,car,0.6803,327.36,510.18,438.59,601.84
520,20.8,10,car,0.6943,326.91,513.09,439.56,608.87
521,20.84,10,car,0.6167,324.57,522.14,438.93,615.58
522,20.88,10,car,0.5951,316.84,527.44,438.7,624.47
523,20.92,10,car,0.7648,320.71,530.74,439.44,628.98
524,20.96,10,car,0.5539,311.5,536.97,439.05,640.18
525,21.0,10,truck,0.3504,310.49,541.02,438.44,647.68
526,21.04,10,car,0.6621,310.56,551.54,437.03,657.5
527,21.08,10,car,0.7298,309.42,558.86,437.98,664.45
528,21.12,10,car,0.5819,300.84,562.83,437.76,675.71
529,21.16,10,car,0.7021,303.0,572.58,437.64,686.45
530,21.2,10,car,0.8459,290.68,579.64,436.26,696.32
531,21.24,10,car,0.7168,286.23,587.96,436.09,706.33
532,21.28,10,car,0.7479,283.99,593.57,435.71,718.04
533,21.32,10,car,0.7062,282.0,603.84,435.12,718.91
534,21.36,10,car,0.6641,282.22,613.76,434.7,720.0
535,21.4,10,car,0.7245,274.88,623.57,433.48,719.94
536,21.44,10,car,0.5622,277.24,630.02,434.13,718.34
537,21.48,10,car,0.5862,277.95,641.01,433.48,720.0
